<?xml version="1.0"?>
<doc>
    <assembly>
        <name>RandomPocoGenerator</name>
    </assembly>
    <members>
        <member name="T:Jpinsoft.RandomPocoGenerator.RPGenerator">
            <summary>
            RandomPOCOGenerator is a simple reflection-based tool designed for generating and populating objects with random values (POCO classes, value types, strings...)
            </summary>
        </member>
        <member name="P:Jpinsoft.RandomPocoGenerator.RPGenerator.Errors">
            <summary>
            All suppressed errors during the generating process
            </summary>
        </member>
        <member name="P:Jpinsoft.RandomPocoGenerator.RPGenerator.CountOfGeneratedValues">
            <summary>
            Primitive/Nullable values and string values (int, datetime, string...)
            </summary>
        </member>
        <member name="P:Jpinsoft.RandomPocoGenerator.RPGenerator.CountOfGeneratedCollections">
            <summary>
            ICollection types (List, Dictionary, Array...)
            </summary>
        </member>
        <member name="P:Jpinsoft.RandomPocoGenerator.RPGenerator.CountOfGeneratedObjects">
            <summary>
            Classes or structs
            </summary>
        </member>
        <member name="P:Jpinsoft.RandomPocoGenerator.RPGenerator.TotalCountOfGeneratedObjects">
            <summary>
            CountOfGeneratedValues + CountOfGeneratedCollections + CountOfGeneratedObjects
            </summary>
        </member>
        <member name="M:Jpinsoft.RandomPocoGenerator.Types.IValueGenerator.GenerateString">
            <summary>
            Must be unique becouse strings may be used in Dictionaty keys
            </summary>
            <returns></returns>
        </member>
    </members>
</doc>
